key_sha256,dk_name,dk_team,position_group,nhl_id,method,accepted_utc
990768b95217a77a50b36f0b0a470cfd01126176e4c8db065f62050bfc4c763c,Aatu Raty,VAN,F,8482691,exact,2026-09-29T01:48:49.018966+00:00
45714578db7cab5eba5ad30c814c582f6703d1d59db4c26f577f54ba2eb87358,Adam Engstrom,MTL,D,8483686,exact,2026-09-29T01:48:49.018966+00:00
cc15c3e138dd4eefac260d668706d770bc4ad519a8bd62951bb61a89d30e906f,Adam Fox,NYR,D,8479323,exact,2026-09-29T01:48:49.018966+00:00
62c9b082007877a885d577a571c62a9cd6f38fd7b617d1eb0dfc19bc5c7668d7,Adam Sykora,NYR,F,8483669,exact,2026-09-29T01:48:49.018966+00:00
4df9df52e06f3b37287780caf8896377f90381751376725467f8c99358abe687,Adin Hill,VGK,G,8478499,exact,2026-09-29T01:48:49.018966+00:00
c6bf1dfb3a121a504fc7605b1eca170b4d3631bca41b09d24033a2e48359be8c,Alberts Smits,NYR,D,8485957,exact,2026-09-29T01:48:49.018966+00:00
60bd313bfeeadb379e0b3063200e53b82f108b3c804359c6bac3ddae922dce18,Alec Regula,EDM,D,8480831,exact,2026-09-29T01:48:49.018966+00:00
be4eb15dddc8cdd6272d95d76ea0f7002540e0f9a2978ac3f6c79f68502be1cb,Alex Belzile,MTL,F,8475968,exact,2026-09-29T01:48:49.018966+00:00
fec6f9d811e8e871f15ee0ef546faff6dd3aeae8a80e7dd72f5070aa21b0625d,Alex Formenton,EDM,F,8480029,exact,2026-09-29T01:48:49.018966+00:00
81a6e9187e4bfc7bd5fdf2c606091082f7114dd1c82136921a8e537da4f4493c,Alex Newhook,MTL,F,8481618,exact,2026-09-29T01:48:49.018966+00:00
57935b7c5a928eeef304d3d378c55475d0101093c46578ea38abfa45ab87b0d1,Alex Pietrangelo,VGK,D,8474565,exact,2026-09-29T01:48:49.018966+00:00
9b9b7117d1d60f005ab59a7fcb9c15e462f15661acabc77d61129b14572c52ae,Alex Steeves,BOS,F,8482634,exact,2026-09-29T01:48:49.018966+00:00
16ef92692b9175ac64ff0ca7ac018e09adba2e1b532360865dcb2802cbb0158a,Alex Vlasic,CHI,D,8481568,exact,2026-09-29T01:48:49.018966+00:00
7d8c5d854e4252700c29467700013697e095422af96c5b9ede47d243603d160a,Alexander Holtz,VGK,F,8482125,exact,2026-09-29T01:48:49.018966+00:00
3ac1babcd64b8639f3ce4e583abc6e63df2afcd839fe56e9f90932f0d4db6fe0,Alexandre Carrier,MTL,D,8478851,exact,2026-09-29T01:48:49.018966+00:00
bb3956487a8bf431d399a87e094d6e92464e427898ba855470712594f4094e55,Alexandre Texier,MTL,F,8480074,exact,2026-09-29T01:48:49.018966+00:00
9174a34a718bb5eba3413280a259be137ce2b61ab673074a0fa6cc850c4640e3,Alexis Lafreniere,NYR,F,8482109,exact,2026-09-29T01:48:49.018966+00:00
7c14e6a0d72ed9ed7fb0be2e9828b27dc3311b154ca3169981a30023d17cd55a,Andrew Mangiapane,CHI,F,8478233,exact,2026-09-29T01:48:49.018966+00:00
951a6859fef25b9ac04c226c8825e4524869ed1529fe240d45b06bb3d2077f8f,Anthony Stolarz,TOR,G,8476932,exact,2026-09-29T01:48:49.018966+00:00
2264e8893e163bcbd58cc3e3463eeb52ab9e4dfc18ac56715a458df83c7f1616,Anton Frondell,CHI,F,8485391,exact,2026-09-29T01:48:49.018966+00:00
f136c642c5116992085f3122298c75896939cce4e170b020098113231e94dc11,Arber Xhekaj,MTL,D,8482964,exact,2026-09-29T01:48:49.018966+00:00
6255f045a82c017a6d883ec226e1b4ee3aa9e1317a25a52338121f8953c55e52,Arshdeep Bains,VAN,F,8483395,exact,2026-09-29T01:48:49.018966+00:00
75c599f651564eede366daabb80ffe5a9a47441fb40da9d5f3164a0ab4dab64f,Artur Akhtyamov,TOR,G,8482515,exact,2026-09-29T01:48:49.018966+00:00
c70b73e9eeb83c7e9ff230626e851557a36793efec1a16561e702899620a7208,Artyom Levshunov,CHI,D,8484783,exact,2026-09-29T01:48:49.018966+00:00
e6a6aa43679c5296982dd50d1b8ef2ea1aeedfe8bdc3b4a894a57ae93ea9bb8f,Arvid Soderblom,CHI,G,8482821,exact,2026-09-29T01:48:49.018966+00:00
5c31f0ef326f49c5a82d7e089a1e2c9e224efad4f0cca9c5cf026fa58b283d70,Auston Matthews,TOR,F,8479318,exact,2026-09-29T01:48:49.018966+00:00
00a6fc9e36d95d855dbb866a9ed97e9e77f41ab73c31639e8220c4303ecc5d81,Bo Groulx,TOR,F,8480870,exact,2026-09-29T01:48:49.018966+00:00
8c267248e27ca8457604323cb5d4ddfb47d117e8255e196b6185eb941363aeca,Bowen Byram,CHI,D,8481524,exact,2026-09-29T01:48:49.018966+00:00
c23a4d23db0de7fca478745c9413fb73d910c04005808e2dc89db5da26e07c2f,Braden Schneider,NYR,D,8482073,exact,2026-09-29T01:48:49.018966+00:00
cd25508c894dc5d864bebb8acbaa748ffe711f1594691245ad0a4200f24f316c,Braeden Bowman,VGK,F,8483890,exact,2026-09-29T01:48:49.018966+00:00
e745feef8af36d3705b553c1ed7ce2c63aa34420874c9f2e6fa5751c2ef9db74,Braeden Cootes,VAN,F,8485385,exact,2026-09-29T01:48:49.018966+00:00
163370bb614b9c4505092e8e5ad15862fe81145b77eb7e94686f0f9f46e2e2d7,Brandon Duhaime,TOR,F,8479520,exact,2026-09-29T01:48:49.018966+00:00
844d4fbba6f9806448164d908d2d82a1babe5baaf96a80cb6ff0972826ab4e39,Brayden McNabb,VGK,D,8475188,exact,2026-09-29T01:48:49.018966+00:00
19ed87ff4b41e48f1ee1ab5d1689dce966ad7ba7d0dc427cc16468faae840adf,Brendan Gallagher,VAN,F,8475848,exact,2026-09-29T01:48:49.018966+00:00
0aa7e89dddc9283b91d172ea28f68b368fbd866ffeb7778da5d8be829074ed46,Brett Berard,MTL,F,8482132,exact,2026-09-29T01:48:49.018966+00:00
b2ca3a8fab4a9cb538e469be30b92aa7c367820242ff238115ac5bf55745109d,Brett Howden,VGK,F,8479353,exact,2026-09-29T01:48:49.018966+00:00
a4d075d3962ea213e09aabc79174bb16e316e918ccf3a6e6017169d6fe9ccafc,Brock Boeser,VAN,F,8478444,exact,2026-09-29T01:48:49.018966+00:00
84a1a0197b1f8fe5ef2f64223d7e243eb0818a722099dcd7cb60a83bbfdde92d,Carl Lindbom,VGK,G,8482761,exact,2026-09-29T01:48:49.018966+00:00
51ed71ddad214fb95889bbbd4f78ff69467e55e2feab76e82715bb83eb8bcce1,Carter Hart,VGK,G,8479394,exact,2026-09-29T01:48:49.018966+00:00
4b48f3f2d99140fa7bd83e95649fa6e246e6f9700210e12ef2f8b9739b5fb8e8,Casey Mittelstadt,BOS,F,8479999,exact,2026-09-29T01:48:49.018966+00:00
ee5e8d9d278568038cc3e51857de98fd81c6ac66c9062e804370fe3b362ae4a3,Charlie McAvoy,BOS,D,8479325,exact,2026-09-29T01:48:49.018966+00:00
bd114f272173548fd0640819280cedcf74a25fb8982b8a9fa9ae5b2c2c921724,Chris Kreider,MTL,F,8475184,exact,2026-09-29T01:48:49.018966+00:00
f33c81aa401c2cd53a4448c02c360afbe1aa0ec4169cd0de8b7d220868ebbfe8,Chris Tanev,TOR,D,8475690,exact,2026-09-29T01:48:49.018966+00:00
be64cdd2d38ee92f3a0945880b80cc6b85c5489e226f067f59f523dc849efffd,Cole Caufield,MTL,F,8481540,exact,2026-09-29T01:48:49.018966+00:00
c743edb1495abe46e2fb0e489759db407321554f8ae1a93622d92d0e7d3ecf2f,Cole Smith,CHI,F,8482062,exact,2026-09-29T01:48:49.018966+00:00
c8e112b822d8809cc6875b99d2b84c4350d5201297cd5c928b327a2170842bac,Colton Dach,EDM,F,8482703,exact,2026-09-29T01:48:49.018966+00:00
ea57e3ea580e1b3940d9214340bc1390a8fbbec46b0e1692102659d550d4f996,Colton Sissons,TOR,F,8476925,exact,2026-09-29T01:48:49.018966+00:00
3e9f1ef8fc00e3301fb767bf90c41ef56d871e392069d3abdf98f6d74dec1056,Connor Bedard,CHI,F,8484144,exact,2026-09-29T01:48:49.018966+00:00
87723fa98d84ce869bf427f74e47f131fdc4560ca1f5b4bdee3808c283998fd8,Connor Clattenburg,EDM,F,8484529,exact,2026-09-29T01:48:49.018966+00:00
de9e5aa3679560b8f488bff54a2781e38853ee2a3ba5a04b0fd1a1aba32353cc,Connor Clifton,BOS,D,8477365,exact,2026-09-29T01:48:49.018966+00:00
29719bfc2a4e12f5427db7e4231add28afad16ed99abd70818cd8d981acdc054,Connor McDavid,EDM,F,8478402,exact,2026-09-29T01:48:49.018966+00:00
8e609447439d8ca81c0765012c5e615b60b17b3908812c1858fc4d06b19e5598,Connor Murphy,EDM,D,8476473,exact,2026-09-29T01:48:49.018966+00:00
b5e1f6cb2eb7c1e7c32888e335302793e77b9e03a9111f9ed4408e53c13bf1b7,Dakota Joshua,TOR,F,8478057,exact,2026-09-29T01:48:49.018966+00:00
a880ba6d7e8685546866549acb5a5d0139e91cfbd79460f27e67e02820544733,Dakota Mermis,TOR,D,8477541,exact,2026-09-29T01:48:49.018966+00:00
32404a0ad921819c6ebce3a48591cc0a93f50a2a5a7d198c0b59e33740b09a44,Darren Raddysh,TOR,D,8478178,exact,2026-09-29T01:48:49.018966+00:00
29ffdc54d3ab352e864c11b0d2ccbd1b3669a4dc5ddf9425ec20d5dee64b1a27,David Pastrnak,BOS,F,8477956,exact,2026-09-29T01:48:49.018966+00:00
43f96e129245400fbeb2ede31de73d28e1b22963f3e0d2f1166cf78e29634986,David Reinbacher,MTL,D,8484220,exact,2026-09-29T01:48:49.018966+00:00
933d4ab74acc41422999740a726ee7d92576991276877a5c389cb45e4c73ee2d,Devon Levi,EDM,G,8482221,exact,2026-09-29T01:48:49.018966+00:00
d71035ea99deffc9dc040b463f53b8343fff726acbdd456ce9530204107406dd,Dominic Toninato,CHI,F,8476952,exact,2026-09-29T01:48:49.018966+00:00
2452bd92dfc372fc7c65023d9b9218b9d14c1531cbbc9e8c9c98d784d98d5600,Drew Commesso,CHI,G,8482123,exact,2026-09-29T01:48:49.018966+00:00
2537eda6104202e55b7dcada237d2d1cb25c661d6680c0ec22410cc637b33fe2,Drew Fortescue,NYR,D,8484169,exact,2026-09-29T01:48:49.018966+00:00
77fbfc94c8d83d744f78d6f3a6972434328e4e6d443f4b44ee1c162b58090d38,Drew O'Connor,VAN,F,8482055,exact,2026-09-29T01:48:49.018966+00:00
e6d691d5a8e275e55b05deae74da7c79464b71a67d3104b9026213cd7ff4d116,Dylan Coghlan,VGK,D,8479639,exact,2026-09-29T01:48:49.018966+00:00
360d8b8752b75330f7431af262c1e141b54ab874f1adfcc40505f2ae08654309,Dylan Garand,NYR,G,8482193,exact,2026-09-29T01:48:49.018966+00:00
685cda51d6f1e19ba666ea62c153b4f34a1487efd5f70d0cac546f239fc5c230,Easton Cowan,TOR,F,8484158,exact,2026-09-29T01:48:49.018966+00:00
08fae71be5c54d40318eaf796cb6e82323937f9dabb89a56713fd3febb703e35,Eeli Tolvanen,NYR,F,8480009,exact,2026-09-29T01:48:49.018966+00:00
edc6b3e84e2ad780a1af5fbf7df014302526dbda8e22e5d4fad20ae8da358c10,Elias Lindholm,BOS,F,8477496,exact,2026-09-29T01:48:49.018966+00:00
7df01ff5c2e8680732a3ae22d288982e46ce0841ba7c1f3a19e55d2656c7185d,Elias Pettersson,VAN,F,8480012,exact,2026-09-29T01:48:49.018966+00:00
23599ffee01ae2a3f47e092e71eb686aa417eada766f4dcc056f4887dd0ee60c,Emil Andrae,TOR,D,8482126,exact,2026-09-29T01:48:49.018966+00:00
d43b01b6d259671881f0c3472185f0bf1a9a438e7d1454bb0224c5cabb965d8d,Ethan Del Mastro,CHI,D,8482807,exact,2026-09-29T01:48:49.018966+00:00
4cb290aafd3f75c8990d041cf873f218102accca2dfc59fd73540bc41f138377,Evan Bouchard,EDM,D,8480803,exact,2026-09-29T01:48:49.018966+00:00
799077cce38a2485e012d624e51bfe3c8baba746013870679dc6d876d5574bda,Filip Chytil,VAN,F,8480078,exact,2026-09-29T01:48:49.018966+00:00
0dee237d54abbf60322e7084475cecc4d5af0f5de3bc51b40b23ce73699f6046,Filip Hronek,VAN,D,8479425,exact,2026-09-29T01:48:49.018966+00:00
bf02589c3094e98c3827df86d9b19efce96e2693c26f6b4246179318bd70ca36,Florian Xhekaj,MTL,F,8484403,exact,2026-09-29T01:48:49.018966+00:00
de2f42ce83d8af658ed5a9d0eed5ac953514f6f11e2fad9766e910e8fd67eb7b,Frank Nazar,CHI,F,8483493,exact,2026-09-29T01:48:49.018966+00:00
88ca8aa45cd637d2e1366b489c35af6e918ecb5f6d3c32a46405240e31eaad47,Fraser Minten,BOS,F,8483489,exact,2026-09-29T01:48:49.018966+00:00
affaf4183b0e59a28e27998e85e3d5750c9626a0ae7a23f35ea54743391565e2,Frederic Brunet,BOS,D,8483017,exact,2026-09-29T01:48:49.018966+00:00
d23cb99dbe6340e44137bb26a4d6db826247603b72a9e6e6c5d1fdc70d6b07c7,Frederik Andersen,EDM,G,8475883,exact,2026-09-29T01:48:49.018966+00:00
8641402e5911dbfed5321308a13cdbe045bc833e0af39d2e77e200dac114df7a,Gabe Perreault,NYR,F,8484210,exact,2026-09-29T01:48:49.018966+00:00
c2d34f11d84b9c5f2571a8ec68b55dfac38376c52d9950f7fb8ef11416f019f7,Gavin McKenna,TOR,F,8486067,exact,2026-09-29T01:48:49.018966+00:00
e5c11c1490bc3a587e3f7a692b6607554154018dc5721873dcec6899d2f6a282,Guillaume Brisebois,VAN,D,8478465,exact,2026-09-29T01:48:49.018966+00:00
0575dce6c097e8cdd28150d923376067e62d5c9f4ec27b8050a731e217ccdfc7,Hampus Lindholm,BOS,D,8476854,exact,2026-09-29T01:48:49.018966+00:00
273b9e6c5844f54a6ef04a2f45ab0a584151c1ae084d98e1c65655580700fc3e,Henri Jokiharju,BOS,D,8480035,exact,2026-09-29T01:48:49.018966+00:00
37513f3762af340ebf0caddbed54f37bd988599bf2a09e838b7d3a668d0dda4d,Ian Cole,CHI,D,8474013,exact,2026-09-29T01:48:49.018966+00:00
2acd069bf9637fd7f798f344bc30e94b8fb7492875454843dd971e9b59e8b8d9,Igor Shesterkin,NYR,G,8478048,exact,2026-09-29T01:48:49.018966+00:00
9d3f85fae6a80f027777f9a0da7b24b8e28a53677ae2be57c738c0c9b207c6d6,Isaac Howard,EDM,F,8483455,exact,2026-09-29T01:48:49.018966+00:00
f6e0bdb370ee0011405e42b48a8f17188e1aa6c9de6216cfdcd4186a47d8ce03,Ivan Barbashev,VGK,F,8477964,exact,2026-09-29T01:48:49.018966+00:00
bd5e26a46a358110335f266131db6f02c3c6579402b031dd88dc7ed9b721136b,Ivan Demidov,MTL,F,8484984,exact,2026-09-29T01:48:49.018966+00:00
1186539f70ac6be8c378d63b1920f2f0a5eb6ffd98455d8d40beb651c0c208fb,J.T. Miller,NYR,F,8476468,exact,2026-09-29T01:48:49.018966+00:00
9ad17a34d60c77d6175425222e363da7abedda6f19d323d9f8bf71e52a731096,Jack Eichel,VGK,F,8478403,exact,2026-09-29T01:48:49.018966+00:00
f60c0fccce2902de616b1df183b93443fe5e31adee124f331862c7ce4248d7ad,Jack Roslovic,TOR,F,8478458,exact,2026-09-29T01:48:49.018966+00:00
0f49945573ff3e81455812959f9b558ef783d3052461f9a318fcd5118a7437f6,Jacob Fowler,MTL,G,8484170,exact,2026-09-29T01:48:49.018966+00:00
a1a4bcaeaf5e3124273e3b1b82804a9f92bc0d750aa3bd8caa0efe7d2cb088c0,Jacob Quillan,TOR,F,8484901,exact,2026-09-29T01:48:49.018966+00:00
dd74b371abc7bd863361bc4c0c3725135e370d078892fb6e7313cfda557a8c3d,Jake DeBrusk,VAN,F,8478498,exact,2026-09-29T01:48:49.018966+00:00
c3592b33fd18157fa7f6b2151088776d7a47af1470eaea71471064dcaedc91d0,Jake Evans,MTL,F,8478133,exact,2026-09-29T01:48:49.018966+00:00
5160792f0c7f481e7d2842902e996ad9dcdb99bc3a451e3c92566418af658e20,Jake McCabe,TOR,D,8476931,exact,2026-09-29T01:48:49.018966+00:00
acd7244e75e06fe5bc9e525818f7383142beaf89ea315ced517485f28c6ef4ac,Jake Walman,EDM,D,8478013,exact,2026-09-29T01:48:49.018966+00:00
adddc79aa5fb19664e2278587f9b8f7cb4e44c4c15bdeac69fb1e41f99d384e6,Jakub Dobes,MTL,G,8482487,exact,2026-09-29T01:48:49.018966+00:00
a235e3717c590d3a889998a0ace80bb1cbe4dd7d72b41eb6b745b0fafa7cce87,James Hagens,BOS,F,8485395,exact,2026-09-29T01:48:49.018966+00:00
24cd8338b126e84da7d74bad92ac4378c14036c8ac79915c0d8acfb3e94f06ff,Jamie Oleksiak,VAN,D,8476467,exact,2026-09-29T01:48:49.018966+00:00
777304ca5466d5109790bd743764e9a2102df96901d2e7f459449cd7c5964e88,Jared Davidson,MTL,F,8483728,exact,2026-09-29T01:48:49.018966+00:00
40d8d51a639f11f018130d7ad341088d6843509092c868dcac2ad92f69e115d1,Jaroslav Chmelar,NYR,F,8482877,exact,2026-09-29T01:48:49.018966+00:00
7da513a471ae8b3d25e2b1fd6397560aa1afa7184ca0910de00060dae3ff020a,Jason Dickinson,EDM,F,8477450,exact,2026-09-29T01:48:49.018966+00:00
1d499aeca6ee47b6f898899ae0e805955e6be6c31c7602c6e5d3c7615e1b589e,Jaycob Megna,VGK,D,8477034,exact,2026-09-29T01:48:49.018966+00:00
1abb885878de468fd0f6f08a044eaef6552758a2f8c59d3543127cdb8adc45a7,Jayden Struble,MTL,D,8481593,exact,2026-09-29T01:48:49.018966+00:00
2540ef195d41b91eb3ca747dc4ac0506a4775cc017adcd0c2bd2c8c14bcb83ff,Jeremy Lauzon,VGK,D,8478468,exact,2026-09-29T01:48:49.018966+00:00
d07dac85a294e747b2e3286f5b2c07918f52049b6bc76f4245b52e6e5abebe7a,Jeremy Swayman,BOS,G,8480280,exact,2026-09-29T01:48:49.018966+00:00
e2b2727dcc06ee07231b1f780791e1f8961c791d5aaae8b0c233416564233d42,JJ Peterka,BOS,F,8482175,exact,2026-09-29T01:48:49.018966+00:00
7b6664247b3df6c5d1705ea24c4fec293d98ee87e307640f2e01be14170cad71,John Tavares,TOR,F,8475166,exact,2026-09-29T01:48:49.018966+00:00
1a6c58c24e172090523d3dc3df6ae19c455e86b3def2cc0cdb1548d74098a4cb,Jonas Rondbjerg,VGK,F,8480007,exact,2026-09-29T01:48:49.018966+00:00
a75d4ea79f88846a1d42ee8837557e0fc8c247d8dd2dfb4abeb93113989a049a,Jonathan Aspirot,BOS,D,8481219,exact,2026-09-29T01:48:49.018966+00:00
ec560e684ce4e1237947458610a80834873fc20ed43b4e0ebadbc1b6d082e68e,Jonathan Lekkerimaki,VAN,F,8483476,exact,2026-09-29T01:48:49.018966+00:00
247ac0e6be14c79d2c37181a53f9c595bfc4aa5ef3c847b223989864d8aac07e,Joonas Korpisalo,NYR,G,8476914,exact,2026-09-29T01:48:49.018966+00:00
64da12878a80beeda2593f2bd2c0ea49558ec16ab551753e62b4a5f0e67806ba,Jordan Greenway,CHI,F,8478413,exact,2026-09-29T01:48:49.018966+00:00
a7245d11fe459b8e178cecdf9ff24f784147031b0d06a4ab0f5d213df00d1ac4,Jordan Harris,BOS,D,8480887,exact,2026-09-29T01:48:49.018966+00:00
caed56313a7e674a7f86b1ac79c524f26a67fc7ebd3b0b67fc5365d760f5b388,Josh Anderson,MTL,F,8476981,exact,2026-09-29T01:48:49.018966+00:00
715c6bc19160e23489be5910ba773688b7282ab6f1538d6ed0223f7c8bc6a971,Josh Samanski,EDM,F,8484509,exact,2026-09-29T01:48:49.018966+00:00
2758ff135f718936789fd664f8bdfd41b708c54d57c36c89678e94030be25de2,Juraj Slafkovsky,MTL,F,8483515,exact,2026-09-29T01:48:49.018966+00:00
c9dee13213e3c5953b688a37c9d07ef22cc1394bff8778a358ddce41c77b793d,Justin Dowling,NYR,F,8475413,exact,2026-09-29T01:48:49.018966+00:00
8437df87b6f76285595c8ba84d1afd6dc1ce070b9f3db8c73052e71be1f785e0,Juuso Parssinen,NYR,F,8481704,exact,2026-09-29T01:48:49.018966+00:00
8f29efc3274743c0fb4c5a158151892f1ec6a90c80f74da951eb0301d5fed665,Kai Uchacz,VGK,F,8485251,exact,2026-09-29T01:48:49.018966+00:00
1bbcad6ed19f5c9f975d5d0d9577b97db598dd42da661638575ccc4165cb9488,Kaiden Guhle,MTL,D,8482087,exact,2026-09-29T01:48:49.018966+00:00
f4733c5641a0cd97d2b7371da8d5ffc4fcedd510d6f376d0203e6f216b006608,Kasperi Kapanen,EDM,F,8477953,exact,2026-09-29T01:48:49.018966+00:00
9846b52948b155a3130475e586937eacc239dfdd5e29bbb43f8e73c66b0c9860,Kevin Korchinski,CHI,D,8483466,exact,2026-09-29T01:48:49.018966+00:00
df278ac25bbc3b1e69bac332b66b12cfeffbac2dd60f6860a3863cbf6b94bac9,Kevin Lankinen,VAN,G,8480947,exact,2026-09-29T01:48:49.018966+00:00
99c21cea1b502304efdb32397a3226f52f3200a7acd350cbcf95aa793321a10c,Kirby Dach,MTL,F,8481523,exact,2026-09-29T01:48:49.018966+00:00
cb9b5420716f1021b4d81abd0ed5222bba8cb80e83c0431905ebeaf8b8268377,Kirill Kudryavtsev,VAN,D,8483467,exact,2026-09-29T01:48:49.018966+00:00
103479352d429636eef5bd978261dbe41353b460a83a27205891cdd73438095b,Landon Slaggert,CHI,F,8482172,exact,2026-09-29T01:48:49.018966+00:00
78657a2b091539ebb7ff6bc71f36f4c11665ed57d41914f922ed6f92afcc9d22,Lane Hutson,MTL,D,8483457,exact,2026-09-29T01:48:49.018966+00:00
e2b02da6358e1a5da4de99854fda87933cf13ed366e76a7a1f96c9f53f8cf111,Leon Draisaitl,EDM,F,8477934,exact,2026-09-29T01:48:49.018966+00:00
04f79e5c5391aa0f11f0ffbd1a05c5e24ff20d131650a0bd278693eae0237d34,Liam Ohgren,VAN,F,8483499,exact,2026-09-29T01:48:49.018966+00:00
4d10951b8665a643e177355473972c8615e222709fac2393e83746eb0daa460f,Linus Karlsson,VAN,F,8481024,exact,2026-09-29T01:48:49.018966+00:00
98b0acf97829e099f59e02e021e29dcba0f5a7d7c4bb509e24ed0fdc6413344a,Lukas Reichel,BOS,F,8482117,exact,2026-09-29T01:48:49.018966+00:00
9d706643c76cfb9c05981ddcce7e8c3b8a34d99d5c5f34598e1f51b6d6806777,Luke Haymes,TOR,F,8485467,exact,2026-09-29T01:48:49.018966+00:00
3496dd9c5fa6fc832e56e538857445edf237ebfe1a588e8f6f85611496c160c1,Luke Schenn,VAN,D,8474568,exact,2026-09-29T01:48:49.018966+00:00
150dc2d11b0a4da042ce7b67bea25fd3c62cc9c4b0fceca37342bd1490aabe9a,MacKenzie MacEachern,VAN,F,8476907,exact,2026-09-29T01:48:49.018966+00:00
7f62edd254c54ec8de823d1b0c08abb59ba10d9fb0162017c5305252d9cf8ab6,Maksymilian Szuber,MTL,D,8483763,exact,2026-09-29T01:48:49.018966+00:00
622b8f58c44a46a95d06c85c10afcc9f7cb372f4fa6a24b0d43699e9a94c5481,Marat Khusnutdinov,BOS,F,8482177,exact,2026-09-29T01:48:49.018966+00:00
06357a77ec99aca4d5f72e3a76ec95a8ef876c91ef7b3ddee71076161c0f667f,Marc Gatcomb,VGK,F,8483553,exact,2026-09-29T01:48:49.018966+00:00
cd6cb4d8152a774e1c526a145e80392417bd1b81bad94203d55ce9a755cea942,Marco Rossi,VAN,F,8482079,exact,2026-09-29T01:48:49.018966+00:00
3fd1ce988a6d04f8cab3e82c176becf5c10b33a40c7a35b687928680ae802f1c,Marcus Pettersson,NYR,D,8477969,exact,2026-09-29T01:48:49.018966+00:00
2d768477fcb980511cbbc17ba841edc9705d511469f408446de8260ea8711eb2,Mark Kastelic,BOS,F,8480355,exact,2026-09-29T01:48:49.018966+00:00
38ac8a57767409768d76501fa48507d0647fbedee769c5d885b2547d5f43586d,Mark Stone,VGK,F,8475913,exact,2026-09-29T01:48:49.018966+00:00
862b4bd8f9e255e5ce0563d0840abb9ac3589fabbb69fbd7ad836c3ef3051e81,Marshall Rifai,TOR,D,8483546,exact,2026-09-29T01:48:49.018966+00:00
e624c1f477ca970e5d3106c573092260aec345ad11faae872212e95d79971484,Mason Lohrei,BOS,D,8482511,exact,2026-09-29T01:48:49.018966+00:00
6363131a4bd552291051f6a4d6cdebc985000add91bd15b7a68dd5e1901c9d62,Mathieu Joseph,EDM,F,8478472,exact,2026-09-29T01:48:49.018966+00:00
1076494d4bd481c23076e327fdce4d72f9c434f521712564df8c7a887e19d8c0,Matt Rempe,NYR,F,8482460,exact,2026-09-29T01:48:49.018966+00:00
9964712b7fdbaaca5693677d8ac0868957a8887fab24a44a7ce2336f12ddc215,Matt Savoie,EDM,F,8483512,exact,2026-09-29T01:48:49.018966+00:00
f2a3a68ca847ad70a9fc44fc5fb766f5e6e57d9da8c69770a7a5a613e447c70b,Matthew Knies,TOR,F,8482720,exact,2026-09-29T01:48:49.018966+00:00
fd9c796ac26482ec21e7d7610a0d9d1fccd241ab2dfd71a215187fea6c931b40,Matthew Poitras,BOS,F,8483505,exact,2026-09-29T01:48:49.018966+00:00
50cb7b667558e375d457d85e4d3baee16d712559f672f52d2a5f0cb0c299046a,Matthew Robertson,NYR,D,8481525,exact,2026-09-29T01:48:49.018966+00:00
83a134b55dbdff22120652282a10fab8aed4aa7d9b3d3afe12fe6fa51acf8dda,Mattias Ekholm,EDM,D,8475218,exact,2026-09-29T01:48:49.018966+00:00
b205848f861c65af6eea6909aa5bebf465e62288994df0c337b01f10ea94a4ae,Mattias Janmark,EDM,F,8477406,exact,2026-09-29T01:48:49.018966+00:00
c5fec6c904bfa73a7437ddeff0b1433969301d43431b756f03ea53c685457de9,Max Domi,TOR,F,8477503,exact,2026-09-29T01:48:49.018966+00:00
f65c136a03c4e4b141fca1fa6301aa757092dcc0df1ef740ea1e1729b2adf34f,Max Jones,EDM,F,8479368,exact,2026-09-29T01:48:49.018966+00:00
64d3e3ec10a9efb20e2eedf82449cedf23b04c506010935b1da41060e5598674,Max Sasson,VAN,F,8484136,exact,2026-09-29T01:48:49.018966+00:00
039895526bd2d75ddcfbb79b9fbd05407dd4c71df6f372ae36b8c0e1cc2ea355,Michael DiPietro,BOS,G,8480022,exact,2026-09-29T01:48:49.018966+00:00
ae33af61c60151afe5f1d205763fc11e36128a41d0463540703ea3065fa87cfe,Michael Eyssimont,BOS,F,8479591,exact,2026-09-29T01:48:49.018966+00:00
2b8967cd0d1d63e36959df3d65fbe333a62ac4f8c238481f0787acdd80a516d6,Michael Pezzetta,TOR,F,8479543,exact,2026-09-29T01:48:49.018966+00:00
259509b9b431f6ebb0553bf672b934d369eeae0ead27c0cb2a6e2fbefb10db07,Mika Zibanejad,NYR,F,8476459,exact,2026-09-29T01:48:49.018966+00:00
5808e7836eb6345040051e864420ddae9816527621bab0b4e427dacba73d5610,Mike Matheson,MTL,D,8476875,exact,2026-09-29T01:48:49.018966+00:00
180d4666f959930c1e8c1fc273d26b5e192579a56285e15952c61b0e43a6ee72,Mitch Marner,VGK,F,8478483,exact,2026-09-29T01:48:49.018966+00:00
e53ef0f9391c8217627fddc6f52d466672ffeb992c3b62b7a0f2ac4510d9bb78,Morgan Geekie,BOS,F,8479987,exact,2026-09-29T01:48:49.018966+00:00
a425ecb79e1dda00dc939b5dec5ff612ca664a3ca6372db54eb1b369328e520e,Morgan Rielly,TOR,D,8476853,exact,2026-09-29T01:48:49.018966+00:00
48a1e0ac5ed95a61fe355ce9f1bb2cdc8582b392e631b313dddfbad544962f8a,Nic Dowd,VGK,F,8475343,exact,2026-09-29T01:48:49.018966+00:00
6b55217296307c588a4c83c79452c589a46365e22e26aeca69ad1742bf20fb86,Nick Blankenburg,TOR,D,8483565,exact,2026-09-29T01:48:49.018966+00:00
e267336c278664a42d92766d95f78838e81dd1d5b166f28c76f5882a7f0a1f7e,Nick Lardis,CHI,F,8484185,exact,2026-09-29T01:48:49.018966+00:00
0b02c6559e9700e98c6f449f571ad94245cad17d1ccb5937bc5d90506f30233b,Nick Paul,TOR,F,8477426,exact,2026-09-29T01:48:49.018966+00:00
c92eb3e865b660c51c8d2b76f7104e9ea15d1a469b0cd55621b58544ddbe34a6,Nick Suzuki,MTL,F,8480018,exact,2026-09-29T01:48:49.018966+00:00
ecd5f9459cf1477d4e857f63382e514aa5b2eca94bc5717ea90076d67803d0d0,Nikita Tolopilo,VAN,G,8484268,exact,2026-09-29T01:48:49.018966+00:00
42fc2f158d87d485cd26294d703f4b4465c467cb49edf622362b245c29f3659e,Nikita Zadorov,BOS,D,8477507,exact,2026-09-29T01:48:49.018966+00:00
3b243f165cd30a5355e4c203bfd43614cdc8bb139a7352388d36cdbc4ff49ba6,Noah Dobson,MTL,D,8480865,exact,2026-09-29T01:48:49.018966+00:00
397ca5037dc108a2a8b2108569ee90321325e6ab7cddeb6b14bfbb4fe41467f0,Noah Hanifin,VGK,D,8478396,exact,2026-09-29T01:48:49.018966+00:00
8180d9e2e8c57c17b1de3c11046bddcd3aa6ee64603477a7aea45ff3ed59d7e5,Noah Laba,NYR,F,8483690,exact,2026-09-29T01:48:49.018966+00:00
ef687893427ba210d370be8942fa4ede88cbcd068cf5fb2f3cb4ee71c94c9527,Oliver Bjorkstrand,NYR,F,8477416,exact,2026-09-29T01:48:49.018966+00:00
bcfdae2539312d3be62be8703081064548e76d410341cfa5d4a9f5d0c5429eb3,Oliver Ekman-Larsson,TOR,D,8475171,exact,2026-09-29T01:48:49.018966+00:00
1045d08ecdc3da7c8367657080bc705a57b1f4a59ea8929b19a6903c54acb3d4,Oliver Kapanen,MTL,F,8482775,exact,2026-09-29T01:48:49.018966+00:00
91236a3a4584d87c9fb29eb3986932abd17dc84393166f55e42dd0279408908e,Oliver Moore,CHI,F,8484197,exact,2026-09-29T01:48:49.018966+00:00
c5382c2b09492e6d9b3443993451fd14361a4e28eb64f7548dc6ba0591f8ccee,Owen Beck,MTL,F,8483424,exact,2026-09-29T01:48:49.018966+00:00
08fc8a6a3bb4ac0e39ec22e988afb90c3d537a7d8ce352dd934bda2b788c754f,Owen Michaels,EDM,F,8486161,exact,2026-09-29T01:48:49.018966+00:00
9234afa43d0b263f2077039c5152706380827535f73c6c412b3f7c5355205477,Parker Wotherspoon,VGK,D,8478450,exact,2026-09-29T01:48:49.018966+00:00
2e9d5ff31ee2bdb01b3b8085eeae5369a6ea7ac43bc15dbd45ceb2fb99158a8b,Patrick Kane,CHI,F,8474141,exact,2026-09-29T01:48:49.018966+00:00
9d59dfc4e5d59fc8fab4840e70e11c93b09a412ecce886141c8d6cacc4f0947c,Paul Cotter,VAN,F,8481032,exact,2026-09-29T01:48:49.018966+00:00
5fae0f0ce1a65055dccb139ddfdb2cf3b3c19a5ecf7e59c8e050d58376270c7d,Pavel Dorofeyev,NYR,F,8481604,exact,2026-09-29T01:48:49.018966+00:00
1d8b1baba866b2c89801a09b5c39d2fdc7caf0a38f8817d4a7a7bd0304907308,Pavel Zacha,BOS,F,8478401,exact,2026-09-29T01:48:49.018966+00:00
be64f008a604cf1a80a922f4d339cc33c62594193d700dc2773601c7a14a29c3,Philippe Myers,TOR,D,8479026,exact,2026-09-29T01:48:49.018966+00:00
9adbd4ab22e9b13e2267663cf629ed024892c20c0857e391593d245d6d7e4adc,Phillip Danault,MTL,F,8476479,exact,2026-09-29T01:48:49.018966+00:00
3ae69f774e3a17c3ed6a9e3da5e9411a4beb4065eb0b0fb9d7c7a156c6159044,Quinn Hutson,EDM,F,8485511,exact,2026-09-29T01:48:49.018966+00:00
c67a185ac39d998f6a4af53649ceb6afce6b8d0a6274c860f63db1cd6cf439c4,Raphael Lavoie,VGK,F,8481534,exact,2026-09-29T01:48:49.018966+00:00
aef28b7d0295f3fd41c774df68b5c5674b546bc22cce52e644fc603580d20b9f,Rasmus Andersson,VGK,D,8478397,exact,2026-09-29T01:48:49.018966+00:00
18f316bd3ce6f5814169eb4d88a2e034bce861f00da817706cec3206b6421659,Reilly Walsh,MTL,D,8480054,exact,2026-09-29T01:48:49.018966+00:00
7b697b7816e7d616c826025acc25cf3b49d77b33319445bcd71041f265131434,Riley Duran,BOS,F,8482213,exact,2026-09-29T01:48:49.018966+00:00
91a570e94ffaea8e714a88dfb3838f324d21eb1beb22fc9b89a096f090b640f7,Roby Jarventie,EDM,F,8482162,exact,2026-09-29T01:48:49.018966+00:00
6d2bd2ce0ab99001711caac6fda060ff45cb26606f9e2cc857f7bae299699557,Roman Kantserov,CHI,F,8484390,exact,2026-09-29T01:48:49.018966+00:00
888c745b9d382614e5f9bdb8ffc1437fc31eac883a065227f8aa79570c748a5d,Ryan Donato,CHI,F,8477987,exact,2026-09-29T01:48:49.018966+00:00
fccf48b7c858cc5cf32bdc696eea6e11e1bcb4ee01a8102d0ea65bbfee3525e5,Ryan Greene,CHI,F,8483450,exact,2026-09-29T01:48:49.018966+00:00
3e770c3dfc6867a27bdd472fe993d1f5a1963cabed3e0737e5e7cdfcc3cef6f7,Ryan Nugent-Hopkins,EDM,F,8476454,exact,2026-09-29T01:48:49.018966+00:00
8aa06a8c5ecb3f430c8e21e49843156cbfbfd0262f27a384dd841ade5100abaa,Ryan Shea,EDM,D,8478854,exact,2026-09-29T01:48:49.018966+00:00
cefae4b2867740b469a1ae977fb43f729489ccf2e95fed8c8105bb018861d249,Ryan Tverberg,TOR,F,8482525,exact,2026-09-29T01:48:49.018966+00:00
82d6fb8b584215951f78bc78e3741041ac8ea4354a0e9e7ce6a1dfb765911e05,Sacha Boisvert,CHI,F,8484793,exact,2026-09-29T01:48:49.018966+00:00
fe8df8f2e6ece451047801a568a676a16235b4f1e9c2a762581944a96a41b433,Sam Rinzel,CHI,D,8483506,exact,2026-09-29T01:48:49.018966+00:00
b391075e18c7caeb75d61b886ef123ce855de5eb0f6d59c1d617aea4d1900bac,Scott Morrow,NYR,D,8482666,exact,2026-09-29T01:48:49.018966+00:00
7e040d63f65f51111b8a08cde69b466aba752413d7d237eda853cf5cd4a95fee,Sean Durzi,NYR,D,8480434,exact,2026-09-29T01:48:49.018966+00:00
e08bfcf1246707ea977da521e1b5c542ba01376214dbef839f8189d9fa4510df,Sean Kuraly,BOS,F,8476374,exact,2026-09-29T01:48:49.018966+00:00
4df429d6763135243d698c0df3018fa32f1c89cdd0de7be6ae808fb3430ef231,Sergei Bobrovsky,TOR,G,8475683,exact,2026-09-29T01:48:49.018966+00:00
01696eef00174a07958c7f20a34565326494f228067be0e5995dabf5cb869e7c,Shakir Mukhamadullin,EDM,D,8482166,exact,2026-09-29T01:48:49.018966+00:00
7ceca71f3299d9d6d6dd328705bd9e77f6d1a435c4e65a8efc312755339ff754,Shea Theodore,VGK,D,8477447,exact,2026-09-29T01:48:49.018966+00:00
927e32fa25e7cb5e1f896f1ca3f406679c59c21b582ebf075d57d6ea6e126eed,Spencer Knight,CHI,G,8481519,exact,2026-09-29T01:48:49.018966+00:00
5bfa3880d2faac6709288161acfbdfd271f957355ee8b38e6a952fff723dd29c,Spencer Martin,NYR,G,8477484,exact,2026-09-29T01:48:49.018966+00:00
8d4959a04ad1727e556e55cf492e12ef8aa196a06e43d3bdf3ba4e9a6ffaf70d,Spencer Stastney,EDM,D,8481056,exact,2026-09-29T01:48:49.018966+00:00
3c95a9d330773031fa0f105de4c64071bfa3ea49c152fc7890c95e6d2b92ce9d,Steven Lorentz,TOR,F,8478904,exact,2026-09-29T01:48:49.018966+00:00
f5f2fc82f23c666b10699fbc72af66b29b797fbcfea699d290bb15f02954b6b0,Tanner Jeannot,BOS,F,8479661,exact,2026-09-29T01:48:49.018966+00:00
4cecd35a1cb0929a38b9a6463536659a05bf7405a25e54b6b6604a371eccdd53,Tanner Laczynski,VGK,F,8479550,exact,2026-09-29T01:48:49.018966+00:00
15102311ca4beff7e2c35738a86f2bca637bdab98fa0648760d7c4d0a9ac749b,Taylor Raddysh,NYR,F,8479390,exact,2026-09-29T01:48:49.018966+00:00
737cabea14a6acacdce4548b6dd26f1e100d320a5cd83dff25281ef66b7d32ee,Teddy Blueger,TOR,F,8476927,exact,2026-09-29T01:48:49.018966+00:00
64d907dabc3e8b99e068b4440a35705bac84179a2fbdae78bab4a7c047cd4807,Teuvo Teravainen,CHI,F,8476882,exact,2026-09-29T01:48:49.018966+00:00
684797ebc9be1e7e0c7318064773d700feebb5d03f8000dbe39eea5c85bf3462,Thatcher Demko,VAN,G,8477967,exact,2026-09-29T01:48:49.018966+00:00
2ed5254afb144b8eb17630bd6bebbc69d9baec29bf1c80805f436f35ebe5ffd3,Tom Willander,VAN,D,8484240,exact,2026-09-29T01:48:49.018966+00:00
496574991161029793431788b156baaec8e3a554ed9d15429a321693f2e5fd06,Tomas Hertl,VGK,F,8476881,exact,2026-09-29T01:48:49.018966+00:00
0922451a0cc28adc8437473abe3414e9fb11c4deb0f5205cfdad79a9b17dc9b0,Trent Frederic,EDM,F,8479365,exact,2026-09-29T01:48:49.018966+00:00
c20282e3a79fd9dc1948a3e7dc4173508afda5a7953e5d42d202dfd4617d5984,Trevor Connelly,VGK,F,8484803,exact,2026-09-29T01:48:49.018966+00:00
6c31cf5f10a4e7dcf2746b8be6c5223c2448a4f1bfc877b86042e93c45d51337,Tristan Jarry,EDM,G,8477465,exact,2026-09-29T01:48:49.018966+00:00
31e6950d42eafb307469ca1ca459ec2d4ef30b58298aaf79b958d4be6e4910c1,Troy Stecher,TOR,D,8479442,exact,2026-09-29T01:48:49.018966+00:00
a5aa0ccc7c39565584663f4cf0a8fde610a52588a55e9ffe5ef678e3d89d0005,Ty Emberson,EDM,D,8480834,exact,2026-09-29T01:48:49.018966+00:00
0132a04761f553c74de58374170b71c36529a8509eb7b07038e6741f4483b6ab,Ty Mueller,VAN,F,8484406,exact,2026-09-29T01:48:49.018966+00:00
fbd9b53374b7b9f642ca73bc312943ed6e15f3aa4281b42e48269cafd7ca5619,Tye Kartye,NYR,F,8481789,exact,2026-09-29T01:48:49.018966+00:00
89e93fd14bc4921b6dd1eca0669299695387759636fe48c2cc86f1e9ac031bfc,Tyler Bertuzzi,CHI,F,8477479,exact,2026-09-29T01:48:49.018966+00:00
4da95193707f53910aec8d385233719edf13d2d90b418a2ee13da1ab5615706a,Urho Vaakanainen,NYR,D,8480001,exact,2026-09-29T01:48:49.018966+00:00
ab79b3fcf0a979089a4438c9d3406b6225d8181bb5a21b5607a442ab58f9d787,Vasily Podkolzin,EDM,F,8481617,exact,2026-09-29T01:48:49.018966+00:00
4e8759b5d03626387fa78b1530016ce7efd68bf00779ea7cb85b70ad90416d44,Victor Mancini,VAN,D,8483768,exact,2026-09-29T01:48:49.018966+00:00
8f5573f04ba5061a53f812860f809cc3bb60a07ca4365256e6bd5629d5c8e685,Victor Olofsson,VGK,F,8478109,exact,2026-09-29T01:48:49.018966+00:00
6fbdee7e11d2a9b8e9ebc7020f16c6749bc7ccb988653e651ea53b94586ba13e,Vincent Iorio,NYR,D,8482861,exact,2026-09-29T01:48:49.018966+00:00
fa73d042d9b547a2ba5fced547f7c2ed2a5559e92f21a85da3000601afd92a65,Vladislav Gavrikov,NYR,D,8478882,exact,2026-09-29T01:48:49.018966+00:00
bca3d64c25b3a39616d1cdfb8c1f16ac319ed350f0b47bb3fae3c3d640628011,Will Borgen,BOS,D,8478840,exact,2026-09-29T01:48:49.018966+00:00
1c57d18acc6a15c86a60d575620a51f3d3a6bf8da33d73414bc49309bd087547,Will Cuylle,NYR,F,8482157,exact,2026-09-29T01:48:49.018966+00:00
cef71334738007e65bc7315bfdf0f76cd14a0f81d9f5edee956a15f934e2bfe9,William Karlsson,VGK,F,8476448,exact,2026-09-29T01:48:49.018966+00:00
0e79b5e785948b36472d477646d3c9bae020c0c260bf0b4e335e93735eda68e0,William Nylander,TOR,F,8477939,exact,2026-09-29T01:48:49.018966+00:00
987288a874ff4efba4ea015695ab59ccc4c802640073169eef2df02faa314f22,William Villeneuve,TOR,D,8482174,exact,2026-09-29T01:48:49.018966+00:00
6415d56fe88eb25ba262a8d088c83e30b083002b78189d573cb91e64955f2e6d,Wyatt Kaiser,CHI,D,8482176,exact,2026-09-29T01:48:49.018966+00:00
090db0a39b7832e9aa0795455ffe4bc00d9c3fbe650c92475083afa6fb6beda6,Zach Hyman,EDM,F,8475786,exact,2026-09-29T01:48:49.018966+00:00
4af43f92df78eaeaffa3e196a50cf9eded6b07abb726e6d9e58438669af7ae5b,Zack MacEwen,TOR,F,8479772,exact,2026-09-29T01:48:49.018966+00:00
f8e9cd2cdd6afb945b777816930d0b2a47a141a3213438d39f3214ee0dcaaf6e,Zeev Buium,VAN,D,8484798,exact,2026-09-29T01:48:49.018966+00:00
