Entry ID,Contest Name,Contest ID,Entry Fee,C,C,W,W,W,D,D,G,UTIL
5287730808,NHL $1K Hip Check [20 Entry Max] (Late),196498699,$1,John Tavares (44432785),Auston Matthews (44432875),Gabriel Landeskog (44432803),Artturi Lehkonen (44432832),William Nylander (44432840),Brayden McNabb (44432801),Josh Manson (44432811),Devin Cooley (44432923),Jack Roslovic (44432859)
5287725535,NHL $150 Quarter Jukebox (Late),196498700,$0.25,Brock Nelson (44432796),Tomas Hertl (44432815),Mark Stone (44432799),Easton Cowan (44432950),Trevor Connelly (44432954),Brayden McNabb (44432801),Shea Theodore (44432830),Devin Cooley (44432923),Jack Eichel (44432853)
5287730677,NHL $150 Quarter Jukebox (Late),196498700,$0.25,Nicolas Roy (44432869),Nathan MacKinnon (44432826),Artturi Lehkonen (44432832),Martin Necas (44432888),Zachary L'Heureux (44432932),Cale Makar (44432886),Zach Whitecloud (44432900),Sergei Bobrovsky (44432791),Tomas Hertl (44432815)
5287740814,NHL $100 Daily Dollar [Single Entry] (Late),196498702,$1,John Tavares (44432785),Auston Matthews (44432875),Aydar Suniev (44448185),Parker Kelly (44432896),Kirill Marchenko (44432898),Josh Manson (44432811),Darren Raddysh (44432851),Sergei Bobrovsky (44432791),William Nylander (44432840)
5287730961,NHL $20 Dime Time (Late),196530063,$0.10,Nathan MacKinnon (44432826),Nicolas Roy (44432869),Nazem Kadri (44432789),William Nylander (44432840),Parker Kelly (44432896),Shea Theodore (44432830),Cale Makar (44432886),Scott Wedgewood (44432798),Marc Gatcomb (44432944)
5287730962,NHL $20 Dime Time (Late),196530063,$0.10,Morgan Frost (44432890),Jack Eichel (44432853),Nazem Kadri (44432789),Jaden Schwartz (44432794),Gabriel Landeskog (44432803),Shea Theodore (44432830),Zach Whitecloud (44432900),Adin Hill (44432868),Tomas Hertl (44432815)
5287730963,NHL $20 Dime Time (Late),196530063,$0.10,Mikael Backlund (44432783),Nicolas Roy (44432869),Artturi Lehkonen (44432832),Martin Necas (44432888),Joel Farabee (44432902),Cale Makar (44432886),Zayne Parekh (44432952),Adin Hill (44432868),Jack Eichel (44432853)
5287730964,NHL $20 Dime Time (Late),196530063,$0.10,John Tavares (44432785),Nicolas Roy (44432869),Colton Sissons (44432820),William Nylander (44432840),Martin Necas (44432888),Shea Theodore (44432830),Cale Makar (44432886),Scott Wedgewood (44432798),Braeden Bowman (44432946)
5287730965,NHL $20 Dime Time (Late),196530063,$0.10,Nathan MacKinnon (44432826),Tomas Hertl (44432815),Nazem Kadri (44432789),William Nylander (44432840),Zachary L'Heureux (44432932),Josh Manson (44432811),Brett Kulak (44432824),MacKenzie Blackwood (44432863),John Tavares (44432785)
5287730966,NHL $20 Dime Time (Late),196530063,$0.10,Jack Eichel (44432853),Nicolas Roy (44432869),Artturi Lehkonen (44432832),William Nylander (44432840),Easton Cowan (44432950),Morgan Rielly (44432813),Cale Makar (44432886),MacKenzie Blackwood (44432863),Trevor Connelly (44432954)
5287740627,NHL $20 Dime Time (Late),196530063,$0.10,Nicolas Roy (44432869),Jack Eichel (44432853),Mark Stone (44432799),Colton Sissons (44432820),Artturi Lehkonen (44432832),Brent Burns (44432781),Cale Makar (44432886),Devin Cooley (44432923),Tomas Hertl (44432815)
