Entry ID,Contest Name,Contest ID,Entry Fee,CPT,FLEX,FLEX,FLEX,FLEX,FLEX
5287401211,NHL Showdown $50 Daily Dollar [Single Entry] (UTA @ BOS),196498667,$1,Jeremy Swayman (44433201),David Pastrnak (44433152),Morgan Geekie (44433159),Pavel Zacha (44433163),Mason Lohrei (44433169),Nate Schmidt (44433178)
5287409829,NHL Showdown $150 Quarter Jukebox (UTA @ BOS),196498668,$0.25,Jeremy Swayman (44433201),David Pastrnak (44433152),Pavel Zacha (44433163),Elias Lindholm (44433167),Barrett Hayton (44433170),James Hagens (44433173)
5287409855,NHL Showdown $150 Quarter Jukebox (UTA @ BOS),196498668,$0.25,David Pastrnak (44433199),Jeremy Swayman (44433154),Dylan Guenther (44433155),JJ Peterka (44433164),Fraser Minten (44433172),Marat Khusnutdinov (44433181)
5287409793,NHL Showdown $20 Dime Time (UTA @ BOS),196517445,$0.10,Jeremy Swayman (44433201),David Pastrnak (44433152),Morgan Geekie (44433159),JJ Peterka (44433164),Anders Lee (44433166),Matthew Poitras (44433189)
5287410308,NHL Showdown $20 Dime Time (UTA @ BOS),196517445,$0.10,Morgan Geekie (44433206),David Pastrnak (44433152),Vincent Trocheck (44433162),Pavel Zacha (44433163),Elias Lindholm (44433167),Barrett Hayton (44433170)
5287410309,NHL Showdown $20 Dime Time (UTA @ BOS),196517445,$0.10,David Pastrnak (44433199),Clayton Keller (44433156),Morgan Geekie (44433159),Pavel Zacha (44433163),Casey Mittelstadt (44433176),Nate Schmidt (44433178)
5287410310,NHL Showdown $20 Dime Time (UTA @ BOS),196517445,$0.10,Sebastian Cossa (44433242),David Pastrnak (44433152),Clayton Keller (44433156),Logan Cooley (44433161),Michael Carcone (44433174),Kevin Stenlund (44433186)
5287410311,NHL Showdown $20 Dime Time (UTA @ BOS),196517445,$0.10,Sebastian Cossa (44433242),Clayton Keller (44433156),Nick Schmaltz (44433157),Vincent Trocheck (44433162),Lawson Crouse (44433168),Sean Kuraly (44433188)
5287410312,NHL Showdown $20 Dime Time (UTA @ BOS),196517445,$0.10,Logan Cooley (44433208),David Pastrnak (44433152),Dylan Guenther (44433155),Fraser Minten (44433172),Jack McBain (44433190),Sebastian Cossa (44433195)
5287410313,NHL Showdown $20 Dime Time (UTA @ BOS),196517445,$0.10,Vincent Trocheck (44433209),David Pastrnak (44433152),Clayton Keller (44433156),Nick Schmaltz (44433157),Logan Cooley (44433161),Kevin Stenlund (44433186)
5287402211,NHL Showdown $150 Hip Check (UTA @ BOS),196519276,$1,David Pastrnak (44433199),Jeremy Swayman (44433154),MacKenzie Weegar (44433160),Pavel Zacha (44433163),Elias Lindholm (44433167),Andrew Peeke (44433184)
5287401124,NHL Showdown $20 Quarter Jukebox (UTA @ BOS),196522964,$0.25,Morgan Geekie (44433206),David Pastrnak (44433152),Jeremy Swayman (44433154),Dylan Guenther (44433155),Casey Mittelstadt (44433176),Connor Clifton (44433179)
5287409871,NHL Showdown $20 Quarter Jukebox (UTA @ BOS),196522964,$0.25,Barrett Hayton (44433217),David Pastrnak (44433152),Jeremy Swayman (44433154),Pavel Zacha (44433163),Elias Lindholm (44433167),James Hagens (44433173)
